-- Lab Management System - Data Restore
-- Generated from Manus

SET FOREIGN_KEY_CHECKS=0;

-- USERS
INSERT IGNORE INTO users (id, openId, name, email, loginMethod, role, createdAt, updatedAt, lastSignedIn, specialty, isActive, username, passwordHash, permissions) VALUES (1, 'LTzgsdvpQKhCBwL2MzUToD', 'kh al', 'xkhalfan0@gmail.com', 'google', 'admin', '2026-03-23 01:05:14', '2026-05-06 08:17:59', '2026-05-06 08:17:59', NULL, 1, 'admin', '$2b$12$GK2Iy6VdiJeHq8OP0ZYqp.iJMBv67bLtpnimcKESXFQWI0zoSE1H6', '{"analytics":"edit","certificates":"edit","dashboard":"edit","distribution":"edit","qc":"edit","results":"edit","samples":"edit","settings":"edit","supervisor":"edit","users":"edit"}');
INSERT IGNORE INTO users (id, openId, name, email, loginMethod, role, createdAt, updatedAt, lastSignedIn, specialty, isActive, username, passwordHash, permissions) VALUES (990792, 'local-reception-001', 'موظف الاستقبال', NULL, NULL, 'reception', '2026-03-28 01:25:26', '2026-05-01 15:37:20', '2026-05-01 15:37:20', NULL, 1, 'reception', '$2b$12$r3OdbQ55YPd.qBEwSDvQ2uXpTLws/Cl5PagmztbLiPyHkx.VWUI7W', '{"admin_dashboard":false,"analytics":false,"cert_archive":false,"certificates":false,"distribution":false,"qc":false,"results":false,"samples":"edit","settings":false,"supervisor":false,"supervisor_dashboard":false,"users":false}');
INSERT IGNORE INTO users (id, openId, name, email, loginMethod, role, createdAt, updatedAt, lastSignedIn, specialty, isActive, username, passwordHash, permissions) VALUES (990794, 'local-tech-001', 'فني المختبر', NULL, NULL, 'technician', '2026-03-28 01:25:26', '2026-04-25 15:35:41', '2026-04-25 15:35:42', NULL, 1, 'tech', '$2b$12$gyufeqKjNBWRQ8ekeuA/OOcUcMhl91aBQQsvAlBMV/td2SjdI2rtW', '{"admin_dashboard":false,"analytics":false,"cert_archive":false,"certificates":false,"distribution":false,"qc":false,"results":"edit","samples":false,"settings":false,"supervisor":false,"supervisor_dashboard":false,"users":false}');
INSERT IGNORE INTO users (id, openId, name, email, loginMethod, role, createdAt, updatedAt, lastSignedIn, specialty, isActive, username, passwordHash, permissions) VALUES (990795, 'local-supervisor-001', 'مشرف المختبر', NULL, NULL, 'lab_manager', '2026-03-28 01:25:26', '2026-05-01 15:36:13', '2026-05-01 15:36:14', NULL, 1, 'supervisor', '$2b$12$6zRpDKaEoJb2l.B/D5vTBeLRMgXRS7ihfjtO4KdXX5IJ.mRRPKS7O', '{"admin_dashboard":false,"analytics":"view","cert_archive":false,"certificates":false,"distribution":"edit","qc":false,"results":false,"samples":false,"settings":false,"supervisor":"edit","supervisor_dashboard":false,"users":false}');
INSERT IGNORE INTO users (id, openId, name, email, loginMethod, role, createdAt, updatedAt, lastSignedIn, specialty, isActive, username, passwordHash, permissions) VALUES (990796, 'local-qc-001', 'مراقب الجودة', NULL, NULL, 'qc_inspector', '2026-03-28 01:25:26', '2026-03-31 14:12:56', '2026-03-31 01:18:22', NULL, 1, 'qcc', '$2b$12$K7d7gSsAgoPxNopWM8.8PezM9.CSHvzPlBVXC2lPd9Tzx5NxrphSi', '{"admin_dashboard":false,"analytics":"view","cert_archive":false,"certificates":"edit","distribution":"edit","qc":"edit","results":false,"samples":"edit","settings":false,"supervisor":false,"supervisor_dashboard":"view","users":false}');
INSERT IGNORE INTO users (id, openId, name, email, loginMethod, role, createdAt, updatedAt, lastSignedIn, specialty, isActive, username, passwordHash, permissions) VALUES (990797, 'local-accountant-001', 'محاسب المختبر', NULL, NULL, 'accountant', '2026-03-28 01:25:26', '2026-03-30 00:23:43', '2026-03-28 06:26:37', NULL, 1, 'accountant', '$2b$12$NCd.aZugjPj5k72NL51eVOFVYHUY3LkW12jzOz5Oc98VKd/F6WKSq', '{"admin_dashboard":false,"analytics":false,"cert_archive":"view","certificates":"edit","distribution":false,"qc":false,"results":false,"samples":false,"settings":false,"supervisor":false,"supervisor_dashboard":false,"users":false}');

-- TEST TYPES
INSERT IGNORE INTO test_types (id, category, nameEn, nameAr, code, unitPrice, unit, standardRef, formTemplate, isActive, sortOrder, createdAt, updatedAt) VALUES (1001, 'concrete', 'Compressive Strength of Concrete Cubes', 'مقاومة الانضغاط لمكعبات الخرسانة', 'CONC_CUBE', '15.00', 'N/mm²', 'BS EN 12390-3', 'ConcreteCubes', 1, 1, '2026-03-26 21:42:19', '2026-03-26 21:42:19');
INSERT IGNORE INTO test_types (id, category, nameEn, nameAr, code, unitPrice, unit, standardRef, formTemplate, isActive, sortOrder, createdAt, updatedAt) VALUES (1002, 'concrete', 'Compressive Strength of Concrete Cores', 'مقاومة الانضغاط لعينات الخرسانة القلبية', 'CONC_CORE', '20.00', 'N/mm²', 'BS EN 12504-1', 'ConcreteCore', 1, 2, '2026-03-26 21:42:19', '2026-03-26 21:42:19');
INSERT IGNORE INTO test_types (id, category, nameEn, nameAr, code, unitPrice, unit, standardRef, formTemplate, isActive, sortOrder, createdAt, updatedAt) VALUES (1003, 'concrete', 'Compressive Strength of Masonry Blocks', 'مقاومة الانضغاط للطابوق الخرساني', 'CONC_BLOCK', '30.00', 'N/mm²', 'BS 6073', 'ConcreteBlocks', 1, 3, '2026-03-26 21:42:19', '2026-03-26 21:42:19');
INSERT IGNORE INTO test_types (id, category, nameEn, nameAr, code, unitPrice, unit, standardRef, formTemplate, isActive, sortOrder, createdAt, updatedAt) VALUES (1004, 'concrete', 'Compressive Strength of Interlocking Tiles', 'مقاومة الانضغاط للبلاط المعشق', 'CONC_INTERLOCK', '20.00', 'N/mm²', 'BS EN 1338', 'ConcreteBlocks', 1, 4, '2026-03-26 21:42:19', '2026-03-26 21:42:19');
INSERT IGNORE INTO test_types (id, category, nameEn, nameAr, code, unitPrice, unit, standardRef, formTemplate, isActive, sortOrder, createdAt, updatedAt) VALUES (1005, 'concrete', 'Compressive Strength of Light weight Foam Concrete Cubes', 'مقاومة الانضغاط لمكعبات الخرسانة الرغوية', 'CONC_FOAM', '15.00', 'N/mm²', 'BS EN 12390-3', 'ConcreteFoam', 1, 5, '2026-03-26 21:42:19', '2026-03-26 21:42:19');
INSERT IGNORE INTO test_types (id, category, nameEn, nameAr, code, unitPrice, unit, standardRef, formTemplate, isActive, sortOrder, createdAt, updatedAt) VALUES (1006, 'concrete', 'Over Dry Density Foam Concrete', 'الكثافة الاجمالية لمكعب الخرسانة الرغوية', 'CONC_FOAM_DENSITY', '40.00', 'kg/m3', 'BS EN 12390-7', 'ConcreteFoam', 1, 6, '2026-03-26 21:42:19', '2026-03-26 21:42:19');
INSERT IGNORE INTO test_types (id, category, nameEn, nameAr, code, unitPrice, unit, standardRef, formTemplate, isActive, sortOrder, createdAt, updatedAt) VALUES (1007, 'concrete', 'Initial Setting Time of Cement', 'زمن الشك الابتدائي والنهائي للاسمنت', 'CEM_SETTING_TIME', '100.00', 'min', 'BS EN 196-3', 'CementSetting', 1, 7, '2026-03-26 21:42:19', '2026-03-26 21:42:19');
INSERT IGNORE INTO test_types (id, category, nameEn, nameAr, code, unitPrice, unit, standardRef, formTemplate, isActive, sortOrder, createdAt, updatedAt) VALUES (1008, 'concrete', 'Sieve Analysis of Sand for Plaster / Masonry Mortar', 'تحليل بالمناخل لرملي البلاستر والبناء', 'CONC_MORTAR_SAND', '200.00', '-', 'ASTM C144', 'SieveAnalysis', 1, 8, '2026-03-26 21:42:19', '2026-03-26 21:42:19');
INSERT IGNORE INTO test_types (id, category, nameEn, nameAr, code, unitPrice, unit, standardRef, formTemplate, isActive, sortOrder, createdAt, updatedAt) VALUES (1009, 'concrete', 'Flexural Strength of Concrete Beams 10x10x50cm', 'كمرات خرسانية 10x10x50 سم', 'CONC_BEAM_SMALL', '80.00', 'N/mm²', 'ASTM C78', 'ConcreteBeam', 1, 9, '2026-03-26 21:42:19', '2026-03-26 21:42:19');
INSERT IGNORE INTO test_types (id, category, nameEn, nameAr, code, unitPrice, unit, standardRef, formTemplate, isActive, sortOrder, createdAt, updatedAt) VALUES (1010, 'concrete', 'Flexural Strength of Concrete Beams 15x15x75cm', 'كمرات خرسانية 15x15x75 سم', 'CONC_BEAM_LARGE', '100.00', 'N/mm²', 'ASTM C78', 'ConcreteBeam', 1, 10, '2026-03-26 21:42:19', '2026-03-26 21:42:19');
INSERT IGNORE INTO test_types (id, category, nameEn, nameAr, code, unitPrice, unit, standardRef, formTemplate, isActive, sortOrder, createdAt, updatedAt) VALUES (2001, 'soil', 'Sieve Analysis of Soil', 'تحليل بالمناخل للتربة (بالغسيل)', 'SOIL_SIEVE', '100.00', '-', 'BS 1377-2', 'SieveAnalysis', 1, 11, '2026-03-26 21:42:19', '2026-03-26 21:42:19');
INSERT IGNORE INTO test_types (id, category, nameEn, nameAr, code, unitPrice, unit, standardRef, formTemplate, isActive, sortOrder, createdAt, updatedAt) VALUES (2002, 'soil', 'Atterberg Limits of Soil (Plasticity Index)', 'حدود اتربرج للتربة الناعمة ومعامل اللدونة', 'SOIL_ATTERBERG', '150.00', '-', 'BS 1377-2', 'SoilAtterberg', 1, 12, '2026-03-26 21:42:19', '2026-03-26 21:42:19');
INSERT IGNORE INTO test_types (id, category, nameEn, nameAr, code, unitPrice, unit, standardRef, formTemplate, isActive, sortOrder, createdAt, updatedAt) VALUES (2003, 'soil', 'MDD/OMC (Proctor) test', 'اختبار بروكتور المعدل', 'SOIL_PROCTOR', '300.00', 'kg/m3', 'BS 1377-4', 'SoilProctor', 1, 13, '2026-03-26 21:42:19', '2026-03-26 21:42:19');
INSERT IGNORE INTO test_types (id, category, nameEn, nameAr, code, unitPrice, unit, standardRef, formTemplate, isActive, sortOrder, createdAt, updatedAt) VALUES (2004, 'soil', 'California Bearing Ratio (CBR) Test', 'اختبار معامل تحميل كاليفورنيا CBR', 'SOIL_CBR', '250.00', '%', 'BS 1377-4', 'SoilCBR', 1, 14, '2026-03-26 21:42:19', '2026-03-26 21:42:19');
INSERT IGNORE INTO test_types (id, category, nameEn, nameAr, code, unitPrice, unit, standardRef, formTemplate, isActive, sortOrder, createdAt, updatedAt) VALUES (2005, 'soil', 'Field Density (Compaction test) at Site', 'تحديد الكثافة الحقلية بطريقة الاحلال بالرمل', 'SOIL_FIELD_DENSITY', '100.00', 'kg/m3', 'BS 1377-9', 'SoilFieldDensity', 1, 15, '2026-03-26 21:42:19', '2026-03-26 21:42:19');
INSERT IGNORE INTO test_types (id, category, nameEn, nameAr, code, unitPrice, unit, standardRef, formTemplate, isActive, sortOrder, createdAt, updatedAt) VALUES (3001, 'steel', 'Tensile Strength of Reinforcement Steel', 'اختبار الشد لقضبان حديد التسليح', 'STEEL_REBAR', '300.00', 'N/mm²', 'BS 4449 / ASTM A615', 'SteelRebar', 1, 16, '2026-03-26 21:42:19', '2026-03-26 21:42:19');
INSERT IGNORE INTO test_types (id, category, nameEn, nameAr, code, unitPrice, unit, standardRef, formTemplate, isActive, sortOrder, createdAt, updatedAt) VALUES (3002, 'steel', 'Bend Test', 'اختبار ثني قضبان حديد التسليح', 'STEEL_BEND', '100.00', 'Pass/Fail', 'BS 4449 / ASTM A615', 'SteelBendRebend', 1, 17, '2026-03-26 21:42:19', '2026-03-26 21:42:19');
-- STEEL_REBEND removed: use STEEL_BEND_REBEND (Bend & Rebend) from official catalog instead
INSERT IGNORE INTO test_types (id, category, nameEn, nameAr, code, unitPrice, unit, standardRef, formTemplate, isActive, sortOrder, createdAt, updatedAt) VALUES (3004, 'steel', 'Tensile Strength of Anchor Bolts', 'اختبار الشد لمسامير التثبيت', 'STEEL_ANCHOR', '300.00', 'N/mm²', 'BS EN ISO 898-1', 'SteelAnchorBolt', 1, 19, '2026-03-26 21:42:19', '2026-03-26 21:42:19');
INSERT IGNORE INTO test_types (id, category, nameEn, nameAr, code, unitPrice, unit, standardRef, formTemplate, isActive, sortOrder, createdAt, updatedAt) VALUES (3005, 'steel', 'Tensile Strength of Structural Steel', 'اختبار الشد للحديد الانشائي', 'STEEL_STRUCTURAL', '300.00', 'N/mm²', 'ASTM A36 / BS EN 10025', 'SteelStructural', 1, 20, '2026-03-26 21:42:19', '2026-03-26 21:42:19');
INSERT IGNORE INTO test_types (id, category, nameEn, nameAr, code, unitPrice, unit, standardRef, formTemplate, isActive, sortOrder, createdAt, updatedAt) VALUES (4001, 'asphalt', 'Asphalt Trial mix & Hotbin Aggregates - Grading', 'التحليل بالمناخل للخلطة التصميمية', 'ASPH_HOTBIN', '50.00', '-', 'BS EN 13108-1', 'AsphaltHotBin', 1, 21, '2026-03-26 21:42:19', '2026-03-26 21:42:19');
INSERT IGNORE INTO test_types (id, category, nameEn, nameAr, code, unitPrice, unit, standardRef, formTemplate, isActive, sortOrder, createdAt, updatedAt) VALUES (4002, 'asphalt', 'Bitumen Extraction', 'استخلاص البيتيومين', 'ASPH_BITUMEN_EXTRACT', '200.00', '%', 'BS EN 12697-1', 'AsphaltBitumenExtraction', 1, 22, '2026-03-26 21:42:19', '2026-03-26 21:42:19');
INSERT IGNORE INTO test_types (id, category, nameEn, nameAr, code, unitPrice, unit, standardRef, formTemplate, isActive, sortOrder, createdAt, updatedAt) VALUES (4003, 'asphalt', 'Sieve analysis of Extracted Aggregates', 'تحليل بالمناخل للركام بعد الاستخلاص', 'ASPH_EXTRACTED_SIEVE', '100.00', '-', 'BS EN 12697-2', 'AsphaltExtractedSieve', 1, 23, '2026-03-26 21:42:19', '2026-03-26 21:42:19');
INSERT IGNORE INTO test_types (id, category, nameEn, nameAr, code, unitPrice, unit, standardRef, formTemplate, isActive, sortOrder, createdAt, updatedAt) VALUES (4004, 'asphalt', 'Stability, Flow & Voids Percentage of Marshall Specimens', 'قياس الثباتية والهبوط والفراغات لعينات مارشال', 'ASPH_MARSHALL', '150.00', '-', 'ASTM D1559', 'AsphaltMarshall', 1, 24, '2026-03-26 21:42:19', '2026-03-26 21:42:19');
INSERT IGNORE INTO test_types (id, category, nameEn, nameAr, code, unitPrice, unit, standardRef, formTemplate, isActive, sortOrder, createdAt, updatedAt) VALUES (4005, 'asphalt', 'Marshall Density for Asphalt Samples', 'قياس الكثافة الاجمالية لعينات مارشال', 'ASPH_MARSHALL_DENSITY', '150.00', 'kg/m3', 'ASTM D2726', 'AsphaltMarshall', 1, 25, '2026-03-26 21:42:19', '2026-03-26 21:42:19');
INSERT IGNORE INTO test_types (id, category, nameEn, nameAr, code, unitPrice, unit, standardRef, formTemplate, isActive, sortOrder, createdAt, updatedAt) VALUES (4006, 'asphalt', 'Density and Percentage of Compaction of Asphalt Core specimens', 'اختبار العينات القلبية للاسفلت', 'ASPH_CORE', '75.00', '%', 'ASTM D2726', 'AsphaltCore', 1, 26, '2026-03-26 21:42:19', '2026-03-26 21:42:19');
INSERT IGNORE INTO test_types (id, category, nameEn, nameAr, code, unitPrice, unit, standardRef, formTemplate, isActive, sortOrder, createdAt, updatedAt) VALUES (5001, 'aggregates', 'Seive Analysis Concrete Aggregates', 'تحليل بالمناخل لركام الخرسانة (بالغسيل)', 'AGG_SIEVE', '100.00', '-', 'BS 812-103', 'SieveAnalysis', 1, 27, '2026-03-26 21:42:19', '2026-03-26 21:42:19');
INSERT IGNORE INTO test_types (id, category, nameEn, nameAr, code, unitPrice, unit, standardRef, formTemplate, isActive, sortOrder, createdAt, updatedAt) VALUES (5002, 'aggregates', 'Relative density and water absorption of coarse & fine aggregate', 'الكثافة النسبية وامتصاص الماء للركام الخشن والناعم', 'AGG_SG', '75.00', '-', 'BS 812-2 / ASTM C127 / C128', 'agg_specific_gravity', 1, 28, '2026-03-26 21:42:19', '2026-03-26 21:42:19');
INSERT IGNORE INTO test_types (id, category, nameEn, nameAr, code, unitPrice, unit, standardRef, formTemplate, isActive, sortOrder, createdAt, updatedAt) VALUES (5003, 'aggregates', 'Flakiness & Elongation Index of Aggregtes', 'اختبار معاملي الاسطبالة والترقق', 'AGG_FLAKINESS_ELONGATION', '100.00', '-', 'BS 812-105', 'AggCrushingImpact', 1, 29, '2026-03-26 21:42:19', '2026-03-26 21:42:19');
INSERT IGNORE INTO test_types (id, category, nameEn, nameAr, code, unitPrice, unit, standardRef, formTemplate, isActive, sortOrder, createdAt, updatedAt) VALUES (5004, 'aggregates', 'Aggregate Crushing Value', 'اختبار معامل التهشيم للركام', 'AGG_CRUSHING', '100.00', '-', 'BS 812-110', 'AggCrushingImpact', 1, 30, '2026-03-26 21:42:19', '2026-03-26 21:42:19');
INSERT IGNORE INTO test_types (id, category, nameEn, nameAr, code, unitPrice, unit, standardRef, formTemplate, isActive, sortOrder, createdAt, updatedAt) VALUES (5005, 'aggregates', 'Aggregate Impact Value', 'اختبار معامل الصدم للركام', 'AGG_IMPACT', '100.00', '-', 'BS 812-112', 'AggCrushingImpact', 1, 31, '2026-03-26 21:42:19', '2026-03-26 21:42:19');
INSERT IGNORE INTO test_types (id, category, nameEn, nameAr, code, unitPrice, unit, standardRef, formTemplate, isActive, sortOrder, createdAt, updatedAt) VALUES (5006, 'aggregates', 'Los Angeles Abrasion Test', 'اختبار لوس انجلوس للبري للركام', 'AGG_LA', '150.00', '-', 'ASTM C131', 'AggLAAbrasion', 1, 32, '2026-03-26 21:42:19', '2026-03-26 21:42:19');

-- SECTORS
INSERT IGNORE INTO sectors (id, sectorKey, nameAr, nameEn, description, isActive, createdAt, updatedAt) VALUES (1, 'sector_1', 'قطاع/1', 'SECTOR1', '', 1, '2026-03-29 07:30:02', '2026-03-30 00:16:14');
INSERT IGNORE INTO sectors (id, sectorKey, nameAr, nameEn, description, isActive, createdAt, updatedAt) VALUES (2, 'sector_2', 'قطاع/2', 'SECTOR2', '', 1, '2026-03-29 07:30:02', '2026-03-30 00:16:08');
INSERT IGNORE INTO sectors (id, sectorKey, nameAr, nameEn, description, isActive, createdAt, updatedAt) VALUES (3, 'sector_3', 'قطاع/3', 'SECTOR3', '', 1, '2026-03-29 07:30:02', '2026-03-30 00:16:20');
INSERT IGNORE INTO sectors (id, sectorKey, nameAr, nameEn, description, isActive, createdAt, updatedAt) VALUES (4, 'sector_4', 'قطاع/4', 'SECOTR4', '', 1, '2026-03-29 07:30:02', '2026-03-30 00:16:28');
INSERT IGNORE INTO sectors (id, sectorKey, nameAr, nameEn, description, isActive, createdAt, updatedAt) VALUES (5, 'sector_5', 'قطاع/5', 'SECTOR5', '', 1, '2026-03-29 07:30:02', '2026-03-30 00:16:33');

-- CONTRACTORS
INSERT IGNORE INTO contractors (id, nameEn, nameAr, contactPerson, phone, email, address, contractorCode, isActive, createdAt, updatedAt) VALUES (50001, 'United Construction Co.', 'شركة الإنشاءات المتحدة', 'أحمد محمد', '0501234567', 'info@united-const.ae', 'أبوظبي - منطقة المصفح', 'CON-T001', 1, '2026-03-29 08:09:37', '2026-03-29 08:09:37');
INSERT IGNORE INTO contractors (id, nameEn, nameAr, contactPerson, phone, email, address, contractorCode, isActive, createdAt, updatedAt) VALUES (60001, 'Nael bin Harmal co', 'شركة نايل بن حرمل للمقاولات', 'Mohammed', '0501234567', '', '', 'CONT-83459', 1, '2026-03-29 06:18:05', '2026-03-29 06:18:05');
INSERT IGNORE INTO contractors (id, nameEn, nameAr, contactPerson, phone, email, address, contractorCode, isActive, createdAt, updatedAt) VALUES (120001, 'Al-Rashid Roads Co.', 'شركة الراشد للطرق', 'محمد الراشد', '0501234567', NULL, NULL, 'CON-R001', 1, '2026-03-29 23:54:08', '2026-03-29 23:54:08');
INSERT IGNORE INTO contractors (id, nameEn, nameAr, contactPerson, phone, email, address, contractorCode, isActive, createdAt, updatedAt) VALUES (120002, 'Gulf Bridges LLC', 'شركة الخليج للجسور', 'أحمد الخليجي', '0502345678', NULL, NULL, 'CON-R002', 1, '2026-03-29 23:54:08', '2026-03-29 23:54:08');
INSERT IGNORE INTO contractors (id, nameEn, nameAr, contactPerson, phone, email, address, contractorCode, isActive, createdAt, updatedAt) VALUES (120003, 'National Buildings Corp.', 'شركة المباني الوطنية', 'سالم العتيبي', '0503456789', NULL, NULL, 'CON-B001', 1, '2026-03-29 23:54:08', '2026-03-29 23:54:08');
INSERT IGNORE INTO contractors (id, nameEn, nameAr, contactPerson, phone, email, address, contractorCode, isActive, createdAt, updatedAt) VALUES (120004, 'Modern Construction Est.', 'مؤسسة الإنشاءات الحديثة', 'خالد المودرن', '0504567890', NULL, NULL, 'CON-B002', 1, '2026-03-29 23:54:08', '2026-03-29 23:54:08');
INSERT IGNORE INTO contractors (id, nameEn, nameAr, contactPerson, phone, email, address, contractorCode, isActive, createdAt, updatedAt) VALUES (120005, 'Infrastructure Masters Co.', 'شركة أساتذة البنية التحتية', 'فهد الأساس', '0505678901', NULL, NULL, 'CON-I001', 1, '2026-03-29 23:54:08', '2026-03-29 23:54:08');
INSERT IGNORE INTO contractors (id, nameEn, nameAr, contactPerson, phone, email, address, contractorCode, isActive, createdAt, updatedAt) VALUES (120006, 'Al-Tameer Infrastructure', 'شركة التعمير للبنية التحتية', 'عبدالله التعمير', '0506789012', NULL, NULL, 'CON-I002', 1, '2026-03-29 23:54:08', '2026-03-29 23:54:08');
INSERT IGNORE INTO contractors (id, nameEn, nameAr, contactPerson, phone, email, address, contractorCode, isActive, createdAt, updatedAt) VALUES (120007, 'Industrial Build Group', 'مجموعة البناء الصناعي', 'ناصر الصناعي', '0507890123', NULL, NULL, 'CON-IN001', 1, '2026-03-29 23:54:08', '2026-03-29 23:54:08');
INSERT IGNORE INTO contractors (id, nameEn, nameAr, contactPerson, phone, email, address, contractorCode, isActive, createdAt, updatedAt) VALUES (120008, 'Heavy Works Co.', 'شركة الأعمال الثقيلة', 'سعد الثقيل', '0508901234', NULL, NULL, 'CON-IN002', 1, '2026-03-29 23:54:08', '2026-03-29 23:54:08');
INSERT IGNORE INTO contractors (id, nameEn, nameAr, contactPerson, phone, email, address, contractorCode, isActive, createdAt, updatedAt) VALUES (120009, 'Al-Iskan Development Co.', 'شركة الإسكان للتطوير', 'يوسف الإسكان', '0509012345', NULL, NULL, 'CON-H001', 1, '2026-03-29 23:54:08', '2026-03-29 23:54:08');
INSERT IGNORE INTO contractors (id, nameEn, nameAr, contactPerson, phone, email, address, contractorCode, isActive, createdAt, updatedAt) VALUES (120010, 'Future Housing Est.', 'مؤسسة الإسكان المستقبلي', 'إبراهيم المستقبل', '0500123456', NULL, NULL, 'CON-H002', 1, '2026-03-29 23:54:08', '2026-03-29 23:54:08');

-- CONTRACTS
INSERT IGNORE INTO contracts (id, contractNumber, contractName, contractorId, sectorKey, sectorNameAr, sectorNameEn, startDate, endDate, notes, isActive, createdAt, updatedAt) VALUES (30001, 'DOI-22222-C001', 'إنشاء سكن', 60001, NULL, NULL, NULL, '2026-03-01 05:00:00', '2028-01-10 05:00:00', NULL, 1, '2026-03-29 06:18:56', '2026-03-29 06:18:56');
INSERT IGNORE INTO contracts (id, contractNumber, contractName, contractorId, sectorKey, sectorNameAr, sectorNameEn, startDate, endDate, notes, isActive, createdAt, updatedAt) VALUES (40001, 'DOI-2025-T001', 'مشروع تطوير البنية التحتية - الدفعة الأولى', 50001, 'sector_1', 'القطاع الأول', 'Sector 1', '2025-01-01 05:00:00', '2026-12-31 05:00:00', 'عقد تجريبي لاختبار سير العمل', 1, '2026-03-29 08:09:37', '2026-03-29 08:09:37');
INSERT IGNORE INTO contracts (id, contractNumber, contractName, contractorId, sectorKey, sectorNameAr, sectorNameEn, startDate, endDate, notes, isActive, createdAt, updatedAt) VALUES (90001, 'RB-2025-001', 'مشروع تطوير الطريق الدائري الشمالي', 120001, 'sector_1', 'قطاع الطرق والجسور', 'Roads & Bridges Sector', '2025-01-15 05:00:00', '2026-06-30 04:00:00', 'مشروع تطوير وتوسعة الطريق الدائري', 1, '2026-03-29 23:54:52', '2026-03-29 23:54:52');
INSERT IGNORE INTO contracts (id, contractNumber, contractName, contractorId, sectorKey, sectorNameAr, sectorNameEn, startDate, endDate, notes, isActive, createdAt, updatedAt) VALUES (90002, 'RB-2025-002', 'إنشاء جسر وادي الرمح', 120002, 'sector_1', 'قطاع الطرق والجسور', 'Roads & Bridges Sector', '2025-03-01 05:00:00', '2026-12-31 05:00:00', 'جسر خرساني بطول 450 متر', 1, '2026-03-29 23:54:52', '2026-03-29 23:54:52');
INSERT IGNORE INTO contracts (id, contractNumber, contractName, contractorId, sectorKey, sectorNameAr, sectorNameEn, startDate, endDate, notes, isActive, createdAt, updatedAt) VALUES (90003, 'RB-2025-003', 'صيانة وتأهيل الطريق الساحلي', 120001, 'sector_1', 'قطاع الطرق والجسور', 'Roads & Bridges Sector', '2025-04-01 04:00:00', '2025-12-31 05:00:00', 'أعمال الصيانة الدورية', 1, '2026-03-29 23:54:52', '2026-03-29 23:54:52');
INSERT IGNORE INTO contracts (id, contractNumber, contractName, contractorId, sectorKey, sectorNameAr, sectorNameEn, startDate, endDate, notes, isActive, createdAt, updatedAt) VALUES (90004, 'RB-2025-004', 'إنشاء تقاطع مروري مع جسر علوي', 120002, 'sector_1', 'قطاع الطرق والجسور', 'Roads & Bridges Sector', '2025-06-01 04:00:00', '2027-01-31 05:00:00', 'تقاطع رئيسي مع 4 حارات', 1, '2026-03-29 23:54:52', '2026-03-29 23:54:52');
INSERT IGNORE INTO contracts (id, contractNumber, contractName, contractorId, sectorKey, sectorNameAr, sectorNameEn, startDate, endDate, notes, isActive, createdAt, updatedAt) VALUES (90005, 'RB-2025-005', 'رصف وتطوير الطرق الداخلية', 120001, 'sector_1', 'قطاع الطرق والجسور', 'Roads & Bridges Sector', '2025-07-15 04:00:00', '2026-03-31 04:00:00', 'رصف 12 كم من الطرق الداخلية', 1, '2026-03-29 23:54:52', '2026-03-29 23:54:52');
INSERT IGNORE INTO contracts (id, contractNumber, contractName, contractorId, sectorKey, sectorNameAr, sectorNameEn, startDate, endDate, notes, isActive, createdAt, updatedAt) VALUES (90006, 'GB-2025-001', 'إنشاء مبنى البلدية الجديد', 120003, 'sector_2', 'قطاع المباني الحكومية', 'Government Buildings Sector', '2025-02-01 05:00:00', '2027-02-28 05:00:00', 'مبنى إداري من 5 طوابق', 1, '2026-03-29 23:54:52', '2026-03-29 23:54:52');
INSERT IGNORE INTO contracts (id, contractNumber, contractName, contractorId, sectorKey, sectorNameAr, sectorNameEn, startDate, endDate, notes, isActive, createdAt, updatedAt) VALUES (90007, 'GB-2025-002', 'توسعة مجمع المحاكم', 120004, 'sector_2', 'قطاع المباني الحكومية', 'Government Buildings Sector', '2025-03-15 04:00:00', '2026-09-30 04:00:00', 'إضافة جناح جديد للمحاكم', 1, '2026-03-29 23:54:52', '2026-03-29 23:54:52');
INSERT IGNORE INTO contracts (id, contractNumber, contractName, contractorId, sectorKey, sectorNameAr, sectorNameEn, startDate, endDate, notes, isActive, createdAt, updatedAt) VALUES (90008, 'GB-2025-003', 'إنشاء مركز صحي متكامل', 120003, 'sector_2', 'قطاع المباني الحكومية', 'Government Buildings Sector', '2025-05-01 04:00:00', '2026-11-30 05:00:00', 'مركز صحي بطاقة 500 مريض يومياً', 1, '2026-03-29 23:54:52', '2026-03-29 23:54:52');
INSERT IGNORE INTO contracts (id, contractNumber, contractName, contractorId, sectorKey, sectorNameAr, sectorNameEn, startDate, endDate, notes, isActive, createdAt, updatedAt) VALUES (90009, 'GB-2025-004', 'تجديد وصيانة مبنى الأمانة', 120004, 'sector_2', 'قطاع المباني الحكومية', 'Government Buildings Sector', '2025-06-01 04:00:00', '2025-12-31 05:00:00', 'أعمال تجديد شاملة', 1, '2026-03-29 23:54:52', '2026-03-29 23:54:52');
INSERT IGNORE INTO contracts (id, contractNumber, contractName, contractorId, sectorKey, sectorNameAr, sectorNameEn, startDate, endDate, notes, isActive, createdAt, updatedAt) VALUES (90010, 'GB-2025-005', 'إنشاء مدرسة ثانوية نموذجية', 120003, 'sector_2', 'قطاع المباني الحكومية', 'Government Buildings Sector', '2025-08-01 04:00:00', '2027-01-31 05:00:00', 'مدرسة بطاقة 1200 طالب', 1, '2026-03-29 23:54:52', '2026-03-29 23:54:52');
INSERT IGNORE INTO contracts (id, contractNumber, contractName, contractorId, sectorKey, sectorNameAr, sectorNameEn, startDate, endDate, notes, isActive, createdAt, updatedAt) VALUES (90011, 'INF-2025-001', 'مشروع شبكة الصرف الصحي المرحلة الثانية', 120005, 'sector_3', 'قطاع البنية التحتية', 'Infrastructure Sector', '2025-01-20 05:00:00', '2026-07-31 04:00:00', 'شبكة صرف صحي بطول 35 كم', 1, '2026-03-29 23:54:53', '2026-03-29 23:54:53');
INSERT IGNORE INTO contracts (id, contractNumber, contractName, contractorId, sectorKey, sectorNameAr, sectorNameEn, startDate, endDate, notes, isActive, createdAt, updatedAt) VALUES (90012, 'INF-2025-002', 'تطوير محطة ضخ المياه الرئيسية', 120006, 'sector_3', 'قطاع البنية التحتية', 'Infrastructure Sector', '2025-02-15 05:00:00', '2026-02-28 05:00:00', 'رفع طاقة المحطة إلى 50000 م3/يوم', 1, '2026-03-29 23:54:53', '2026-03-29 23:54:53');
INSERT IGNORE INTO contracts (id, contractNumber, contractName, contractorId, sectorKey, sectorNameAr, sectorNameEn, startDate, endDate, notes, isActive, createdAt, updatedAt) VALUES (90013, 'INF-2025-003', 'مد خطوط المياه للمناطق الجديدة', 120005, 'sector_3', 'قطاع البنية التحتية', 'Infrastructure Sector', '2025-04-01 04:00:00', '2026-04-30 04:00:00', 'خطوط مياه بطول 28 كم', 1, '2026-03-29 23:54:53', '2026-03-29 23:54:53');
INSERT IGNORE INTO contracts (id, contractNumber, contractName, contractorId, sectorKey, sectorNameAr, sectorNameEn, startDate, endDate, notes, isActive, createdAt, updatedAt) VALUES (90014, 'INF-2025-004', 'إنشاء محطة معالجة مياه الصرف', 120006, 'sector_3', 'قطاع البنية التحتية', 'Infrastructure Sector', '2025-05-15 04:00:00', '2027-05-31 04:00:00', 'محطة بطاقة 30000 م3/يوم', 1, '2026-03-29 23:54:53', '2026-03-29 23:54:53');
INSERT IGNORE INTO contracts (id, contractNumber, contractName, contractorId, sectorKey, sectorNameAr, sectorNameEn, startDate, endDate, notes, isActive, createdAt, updatedAt) VALUES (90015, 'INF-2025-005', 'تأهيل شبكة الكهرباء المنطقة الشرقية', 120005, 'sector_3', 'قطاع البنية التحتية', 'Infrastructure Sector', '2025-07-01 04:00:00', '2026-06-30 04:00:00', 'تجديد شامل للشبكة الكهربائية', 1, '2026-03-29 23:54:53', '2026-03-29 23:54:53');
INSERT IGNORE INTO contracts (id, contractNumber, contractName, contractorId, sectorKey, sectorNameAr, sectorNameEn, startDate, endDate, notes, isActive, createdAt, updatedAt) VALUES (90016, 'IND-2025-001', 'إنشاء مستودعات المنطقة الصناعية', 120007, 'sector_4', 'قطاع المشاريع الصناعية', 'Industrial Projects Sector', '2025-02-01 05:00:00', '2026-08-31 04:00:00', 'مستودعات بمساحة إجمالية 15000 م2', 1, '2026-03-29 23:54:53', '2026-03-29 23:54:53');
INSERT IGNORE INTO contracts (id, contractNumber, contractName, contractorId, sectorKey, sectorNameAr, sectorNameEn, startDate, endDate, notes, isActive, createdAt, updatedAt) VALUES (90017, 'IND-2025-002', 'تطوير البنية التحتية للمنطقة الصناعية', 120008, 'sector_4', 'قطاع المشاريع الصناعية', 'Industrial Projects Sector', '2025-03-01 05:00:00', '2026-09-30 04:00:00', 'طرق وشبكات داخلية للمنطقة', 1, '2026-03-29 23:54:53', '2026-03-29 23:54:53');
INSERT IGNORE INTO contracts (id, contractNumber, contractName, contractorId, sectorKey, sectorNameAr, sectorNameEn, startDate, endDate, notes, isActive, createdAt, updatedAt) VALUES (90018, 'IND-2025-003', 'إنشاء مصنع معالجة النفايات الصناعية', 120007, 'sector_4', 'قطاع المشاريع الصناعية', 'Industrial Projects Sector', '2025-05-01 04:00:00', '2027-04-30 04:00:00', 'مصنع بطاقة 200 طن/يوم', 1, '2026-03-29 23:54:53', '2026-03-29 23:54:53');
INSERT IGNORE INTO contracts (id, contractNumber, contractName, contractorId, sectorKey, sectorNameAr, sectorNameEn, startDate, endDate, notes, isActive, createdAt, updatedAt) VALUES (90019, 'IND-2025-004', 'توسعة منشآت الطاقة الشمسية', 120008, 'sector_4', 'قطاع المشاريع الصناعية', 'Industrial Projects Sector', '2025-06-15 04:00:00', '2026-06-30 04:00:00', 'إضافة 50 ميغاواط للشبكة', 1, '2026-03-29 23:54:53', '2026-03-29 23:54:53');
INSERT IGNORE INTO contracts (id, contractNumber, contractName, contractorId, sectorKey, sectorNameAr, sectorNameEn, startDate, endDate, notes, isActive, createdAt, updatedAt) VALUES (90020, 'IND-2025-005', 'إنشاء مركز لوجستي متكامل', 120007, 'sector_4', 'قطاع المشاريع الصناعية', 'Industrial Projects Sector', '2025-08-01 04:00:00', '2027-07-31 04:00:00', 'مركز لوجستي بمساحة 25000 م2', 1, '2026-03-29 23:54:53', '2026-03-29 23:54:53');
INSERT IGNORE INTO contracts (id, contractNumber, contractName, contractorId, sectorKey, sectorNameAr, sectorNameEn, startDate, endDate, notes, isActive, createdAt, updatedAt) VALUES (90021, 'HSG-2025-001', 'مشروع الإسكان الاجتماعي المرحلة الأولى', 120009, 'sector_5', 'قطاع الإسكان والتطوير', 'Housing & Development Sector', '2025-01-10 05:00:00', '2026-12-31 05:00:00', '500 وحدة سكنية للمواطنين', 1, '2026-03-29 23:54:53', '2026-03-29 23:54:53');
INSERT IGNORE INTO contracts (id, contractNumber, contractName, contractorId, sectorKey, sectorNameAr, sectorNameEn, startDate, endDate, notes, isActive, createdAt, updatedAt) VALUES (90022, 'HSG-2025-002', 'تطوير حي الورود السكني', 120010, 'sector_5', 'قطاع الإسكان والتطوير', 'Housing & Development Sector', '2025-02-20 05:00:00', '2027-02-28 05:00:00', 'تطوير شامل للحي بمساحة 2 كم2', 1, '2026-03-29 23:54:53', '2026-03-29 23:54:53');
INSERT IGNORE INTO contracts (id, contractNumber, contractName, contractorId, sectorKey, sectorNameAr, sectorNameEn, startDate, endDate, notes, isActive, createdAt, updatedAt) VALUES (90023, 'HSG-2025-003', 'إنشاء أبراج سكنية متعددة الطوابق', 120009, 'sector_5', 'قطاع الإسكان والتطوير', 'Housing & Development Sector', '2025-04-01 04:00:00', '2027-10-31 04:00:00', '3 أبراج بارتفاع 20 طابق', 1, '2026-03-29 23:54:53', '2026-03-29 23:54:53');
INSERT IGNORE INTO contracts (id, contractNumber, contractName, contractorId, sectorKey, sectorNameAr, sectorNameEn, startDate, endDate, notes, isActive, createdAt, updatedAt) VALUES (90024, 'HSG-2025-004', 'مشروع فيلات الضاحية الجديدة', 120010, 'sector_5', 'قطاع الإسكان والتطوير', 'Housing & Development Sector', '2025-06-01 04:00:00', '2026-12-31 05:00:00', '120 فيلا سكنية فاخرة', 1, '2026-03-29 23:54:53', '2026-03-29 23:54:53');
INSERT IGNORE INTO contracts (id, contractNumber, contractName, contractorId, sectorKey, sectorNameAr, sectorNameEn, startDate, endDate, notes, isActive, createdAt, updatedAt) VALUES (90025, 'HSG-2025-005', 'تطوير المرافق والخدمات في الأحياء الجديدة', 120009, 'sector_5', 'قطاع الإسكان والتطوير', 'Housing & Development Sector', '2025-07-15 04:00:00', '2026-07-31 04:00:00', 'حدائق ومرافق وخدمات متكاملة', 1, '2026-03-29 23:54:53', '2026-03-29 23:54:53');

-- SECTOR ACCOUNTS
INSERT IGNORE INTO sector_accounts (id, sectorKey, nameAr, nameEn, username, passwordHash, isActive, lastLoginAt, createdAt, updatedAt) VALUES (30001, 'sector_1', 'قطاع الطرق والجسور', 'Roads & Bridges Sector', 'sector1', '$2b$10$y6JarproOog1EDSBMxX88.Y9D.yn2q93GDl7At1WMqzOvoODNZyRm', 1, '2026-04-27 19:21:30', '2026-03-29 23:55:12', '2026-04-27 19:21:30');
INSERT IGNORE INTO sector_accounts (id, sectorKey, nameAr, nameEn, username, passwordHash, isActive, lastLoginAt, createdAt, updatedAt) VALUES (30002, 'sector_2', 'قطاع المباني الحكومية', 'Government Buildings Sector', 'sector2', '$2b$10$y6JarproOog1EDSBMxX88.Y9D.yn2q93GDl7At1WMqzOvoODNZyRm', 1, '2026-04-30 08:38:46', '2026-03-29 23:55:12', '2026-04-30 08:38:45');
INSERT IGNORE INTO sector_accounts (id, sectorKey, nameAr, nameEn, username, passwordHash, isActive, lastLoginAt, createdAt, updatedAt) VALUES (30003, 'sector_3', 'قطاع البنية التحتية', 'Infrastructure Sector', 'sector3', '$2b$10$y6JarproOog1EDSBMxX88.Y9D.yn2q93GDl7At1WMqzOvoODNZyRm', 1, NULL, '2026-03-29 23:55:12', '2026-04-24 12:57:38');
INSERT IGNORE INTO sector_accounts (id, sectorKey, nameAr, nameEn, username, passwordHash, isActive, lastLoginAt, createdAt, updatedAt) VALUES (30004, 'sector_4', 'قطاع المشاريع الصناعية', 'Industrial Projects Sector', 'sector4', '$2b$10$y6JarproOog1EDSBMxX88.Y9D.yn2q93GDl7At1WMqzOvoODNZyRm', 1, NULL, '2026-03-29 23:55:12', '2026-04-24 12:57:38');
INSERT IGNORE INTO sector_accounts (id, sectorKey, nameAr, nameEn, username, passwordHash, isActive, lastLoginAt, createdAt, updatedAt) VALUES (30005, 'sector_5', 'قطاع الإسكان والتطوير', 'Housing & Development Sector', 'sector5', '$2b$10$y6JarproOog1EDSBMxX88.Y9D.yn2q93GDl7At1WMqzOvoODNZyRm', 1, NULL, '2026-03-29 23:55:12', '2026-04-24 12:57:38');

SET FOREIGN_KEY_CHECKS=1;
